{
    "filterd_by_coorelation_pca_2": {
        "Random Forest": {
            "MAE": 25.284031775555487,
            "RMSE": 30.59483280641019,
            "R2": 0.012219987594061399
        },
        "SVR": {
            "MAE": 24.400176863162788,
            "RMSE": 30.12284224577679,
            "R2": 0.042462127096935864
        },
        "MLP": {
            "MAE": 25.02418076598163,
            "RMSE": 31.43655433319881,
            "R2": -0.04287904741353099
        },
        "Linear Regression": {
            "MAE": 24.446257069263943,
            "RMSE": 30.28233083618689,
            "R2": 0.032295712461808734
        },
        "Decision Tree": {
            "MAE": 36.63502109696203,
            "RMSE": 44.94823362538441,
            "R2": -1.1320104281942203
        }
    },
    "filterd_by_coorelation_pca_1": {
        "Random Forest": {
            "MAE": 24.821393570213594,
            "RMSE": 30.529055124798205,
            "R2": 0.01646279774000936
        },
        "SVR": {
            "MAE": 24.672288846211714,
            "RMSE": 30.339991122185612,
            "R2": 0.028607011707956986
        },
        "MLP": {
            "MAE": 24.812367146933784,
            "RMSE": 31.034877295697104,
            "R2": -0.016398770065753077
        },
        "Linear Regression": {
            "MAE": 24.546240280838607,
            "RMSE": 30.38638877335774,
            "R2": 0.025633720455360387
        },
        "Decision Tree": {
            "MAE": 29.526371307974685,
            "RMSE": 38.910906339992785,
            "R2": -0.5977423955604377
        }
    },
    "correlation_filtered": {
        "Random Forest": {
            "MAE": 23.335352318891214,
            "RMSE": 29.043763355426012,
            "R2": 0.10983637290324166
        },
        "SVR": {
            "MAE": 23.531449349946126,
            "RMSE": 29.799056746812763,
            "R2": 0.06293633119899855
        },
        "MLP": {
            "MAE": 25.829745028614628,
            "RMSE": 33.54316376349202,
            "R2": -0.1873318301377198
        },
        "Linear Regression": {
            "MAE": 24.19239804118524,
            "RMSE": 29.96371062576696,
            "R2": 0.052552282130657546
        },
        "Decision Tree": {
            "MAE": 24.989451476708858,
            "RMSE": 31.490918030750127,
            "R2": -0.04648909844256521
        }
    }
}