{
    "filterd_by_coorelation_pca_2": {
        "Random Forest": {
            "MAE": 25.222805906958232,
            "RMSE": 30.98021676679254,
            "R2": -0.012821635301122125
        },
        "SVR": {
            "MAE": 24.400176863162788,
            "RMSE": 30.12284224577679,
            "R2": 0.042462127096935864
        },
        "MLP": {
            "MAE": 25.02418076598163,
            "RMSE": 31.43655433319881,
            "R2": -0.04287904741353099
        },
        "Linear Regression": {
            "MAE": 24.446257069263943,
            "RMSE": 30.28233083618689,
            "R2": 0.032295712461808734
        },
        "Decision Tree": {
            "MAE": 37.13713080177215,
            "RMSE": 45.06348662724492,
            "R2": -1.1429579387626645
        }
    },
    "filterd_by_coorelation_pca_1": {
        "Random Forest": {
            "MAE": 24.997795358551897,
            "RMSE": 31.027683321534624,
            "R2": -0.01592761634048978
        },
        "SVR": {
            "MAE": 24.672288846211714,
            "RMSE": 30.339991122185612,
            "R2": 0.028607011707956986
        },
        "MLP": {
            "MAE": 24.812367146933784,
            "RMSE": 31.034877295697104,
            "R2": -0.016398770065753077
        },
        "Linear Regression": {
            "MAE": 24.546240280838607,
            "RMSE": 30.38638877335774,
            "R2": 0.025633720455360387
        },
        "Decision Tree": {
            "MAE": 29.660337552784807,
            "RMSE": 38.3608230179144,
            "R2": -0.5528871565285158
        }
    },
    "correlation_filtered": {
        "Random Forest": {
            "MAE": 23.400094936536707,
            "RMSE": 29.05549578002258,
            "R2": 0.10911705241278169
        },
        "SVR": {
            "MAE": 23.531449349946126,
            "RMSE": 29.799056746812763,
            "R2": 0.06293633119899855
        },
        "MLP": {
            "MAE": 25.829745028614628,
            "RMSE": 33.54316376349202,
            "R2": -0.1873318301377198
        },
        "Linear Regression": {
            "MAE": 24.19239804118524,
            "RMSE": 29.96371062576696,
            "R2": 0.052552282130657546
        },
        "Decision Tree": {
            "MAE": 24.492616033797464,
            "RMSE": 30.54888896084986,
            "R2": 0.01518443178945128
        }
    }
}