{
    "k_best_5": {
        "Random Forest": {
            "MAE": 24.53592827006709,
            "RMSE": 30.76969071046347,
            "R2": 0.0008968522002829049
        },
        "SVR": {
            "MAE": 24.56700835892999,
            "RMSE": 30.658207480801256,
            "R2": 0.008123539499838017
        },
        "MLP": {
            "MAE": 24.62304687315375,
            "RMSE": 31.683053743279515,
            "R2": -0.05929795443206043
        },
        "Linear Regression": {
            "MAE": 33.482588611975736,
            "RMSE": 95.58060340745462,
            "R2": -8.640589735433634
        },
        "Decision Tree": {
            "MAE": 31.62341772164557,
            "RMSE": 39.812381943055335,
            "R2": -0.6726319539585839
        }
    }
}