{
    "variance_threshold_0.1": {
        "Random Forest": {
            "MAE": 23.706030560576732,
            "RMSE": 29.042870746677373,
            "R2": 0.1098910872749107
        },
        "SVR": {
            "MAE": 24.315367503144188,
            "RMSE": 30.884168638812017,
            "R2": -0.006551258013601791
        },
        "MLP": {
            "MAE": 23.631299675041863,
            "RMSE": 29.939620702811403,
            "R2": 0.05407510872118648
        },
        "Linear Regression": {
            "MAE": 45.51852505243924,
            "RMSE": 202.0602912458291,
            "R2": -42.08499182284505
        },
        "Decision Tree": {
            "MAE": 28.963080168607597,
            "RMSE": 39.040067187136046,
            "R2": -0.6083670911012959
        }
    },
    "k_best_5": {
        "Random Forest": {
            "MAE": 24.371031313129933,
            "RMSE": 30.690717870221352,
            "R2": 0.006018824981562032
        },
        "SVR": {
            "MAE": 24.474822596081687,
            "RMSE": 30.68539931876829,
            "R2": 0.006363299293260183
        },
        "MLP": {
            "MAE": 23.929390956577556,
            "RMSE": 29.917702157505282,
            "R2": 0.05545960910980163
        },
        "Linear Regression": {
            "MAE": 24.518085338560127,
            "RMSE": 30.784130210240765,
            "R2": -4.1079535069821205e-05
        },
        "Decision Tree": {
            "MAE": 33.968354430379755,
            "RMSE": 43.58084336696643,
            "R2": -1.0042658480030706
        }
    }
}