{
    "na_pcr_missing_median_imputed": {
        "Random Forest": {
            "MAE": 23.73523740836952,
            "RMSE": 29.589788334176816,
            "R2": 0.07605146197301749
        },
        "SVR": {
            "MAE": 24.618144437341265,
            "RMSE": 31.21280266029707,
            "R2": -0.02808636359827843
        },
        "MLP": {
            "MAE": 23.691230350836445,
            "RMSE": 28.911304055970074,
            "R2": 0.11793735989400556
        },
        "Linear Regression": {
            "MAE": 65.19504377843163,
            "RMSE": 338.16873212768144,
            "R2": -119.67879473192818
        },
        "Decision Tree": {
            "MAE": 30.639240506075947,
            "RMSE": 41.058314160772746,
            "R2": -0.7789604480383423
        },
        "KNN": {
            "MAE": 22.902742616,
            "RMSE": 30.498729135910185,
            "R2": 0.018415817509081944
        }
    },
    "na_pcr_drapped": {
        "Random Forest": {
            "MAE": 23.800312833980342,
            "RMSE": 29.879606636644475,
            "R2": 0.0578635269484461
        },
        "SVR": {
            "MAE": 24.76290478707507,
            "RMSE": 31.247624110758895,
            "R2": -0.030381538944436626
        },
        "MLP": {
            "MAE": 24.510066023954778,
            "RMSE": 30.073424628446926,
            "R2": 0.04560130137071072
        },
        "Linear Regression": {
            "MAE": 59.34673910213145,
            "RMSE": 296.7353487198228,
            "R2": -91.91859523111768
        },
        "Decision Tree": {
            "MAE": 31.510548523037972,
            "RMSE": 39.39301459839775,
            "R2": -0.6375799019069428
        },
        "KNN": {
            "MAE": 25.71139240501266,
            "RMSE": 32.63020062722169,
            "R2": -0.12357884524312346
        }
    },
    "gene_predicted_rest_median_imputed_no_outliers": {
        "Random Forest": {
            "MAE": 21.060705192083812,
            "RMSE": 26.42681415507893,
            "R2": 0.13232993773867752
        },
        "SVR": {
            "MAE": 22.840154341964865,
            "RMSE": 28.34238040664128,
            "R2": 0.0019836931781246347
        },
        "MLP": {
            "MAE": 21.138752535024782,
            "RMSE": 25.842843865082916,
            "R2": 0.17025317499504855
        },
        "Linear Regression": {
            "MAE": 29.16065029871021,
            "RMSE": 36.86131753939855,
            "R2": -0.6881331579416654
        },
        "Decision Tree": {
            "MAE": 30.403030302727274,
            "RMSE": 37.44376928892364,
            "R2": -0.7419035857671934
        },
        "KNN": {
            "MAE": 22.6687878788,
            "RMSE": 27.550921358063743,
            "R2": 0.056944513449916356
        }
    },
    "gene_predicted_rest_median_imputed": {
        "Random Forest": {
            "MAE": 23.84458663428814,
            "RMSE": 29.943951413262585,
            "R2": 0.053801436377047485
        },
        "SVR": {
            "MAE": 24.622397063330443,
            "RMSE": 31.213352385224628,
            "R2": -0.02812257756373282
        },
        "MLP": {
            "MAE": 23.88265442240093,
            "RMSE": 29.155981616323732,
            "R2": 0.10294431875109722
        },
        "Linear Regression": {
            "MAE": 65.56313461829919,
            "RMSE": 342.39199867686324,
            "R2": -122.71184385579078
        },
        "Decision Tree": {
            "MAE": 30.274261603291137,
            "RMSE": 41.393698688765774,
            "R2": -0.8081419977427082
        },
        "KNN": {
            "MAE": 22.852531645518983,
            "RMSE": 30.403313409013673,
            "R2": 0.024548011526419167
        }
    }
}