{
    "na_pcr_missing_median_imputed": {
        "Random Forest": {
            "MAE": 23.433428269983544,
            "RMSE": 29.46644491545033,
            "R2": 0.08373826567083731
        },
        "SVR": {
            "MAE": 24.618144437341265,
            "RMSE": 31.21280266029707,
            "R2": -0.02808636359827843
        },
        "MLP": {
            "MAE": 23.691230350836445,
            "RMSE": 28.911304055970074,
            "R2": 0.11793735989400556
        },
        "Linear Regression": {
            "MAE": 65.19504377843163,
            "RMSE": 338.16873212768144,
            "R2": -119.67879473192818
        },
        "Decision Tree": {
            "MAE": 30.671940928101264,
            "RMSE": 40.383062718984156,
            "R2": -0.7209274919651136
        }
    },
    "na_pcr_drapped": {
        "Random Forest": {
            "MAE": 23.632732067441772,
            "RMSE": 29.44183718867434,
            "R2": 0.08526798558206439
        },
        "SVR": {
            "MAE": 24.76290478707507,
            "RMSE": 31.247624110758895,
            "R2": -0.030381538944436626
        },
        "MLP": {
            "MAE": 24.510066023954778,
            "RMSE": 30.073424628446926,
            "R2": 0.04560130137071072
        },
        "Linear Regression": {
            "MAE": 59.34673910213145,
            "RMSE": 296.7353487198228,
            "R2": -91.91859523111768
        },
        "Decision Tree": {
            "MAE": 30.105485231898733,
            "RMSE": 39.11978521067068,
            "R2": -0.6149422207207462
        }
    },
    "gene_predicted_rest_median_imputed": {
        "Random Forest": {
            "MAE": 23.424229957759493,
            "RMSE": 29.58129714759636,
            "R2": 0.07658166473515837
        },
        "SVR": {
            "MAE": 24.622397063330443,
            "RMSE": 31.213352385224628,
            "R2": -0.02812257756373282
        },
        "MLP": {
            "MAE": 23.88265442240093,
            "RMSE": 29.155981616323732,
            "R2": 0.10294431875109722
        },
        "Linear Regression": {
            "MAE": 65.56313461829919,
            "RMSE": 342.39199867686324,
            "R2": -122.71184385579078
        },
        "Decision Tree": {
            "MAE": 28.43776371291139,
            "RMSE": 37.242332062606884,
            "R2": -0.46365190297022907
        }
    }
}