{
    "na_pcr_missing_median_imputed": {
        "Random Forest": {
            "MAE": 23.728094309400362,
            "RMSE": 29.6473565550668,
            "R2": 0.07245280052074876
        },
        "SVR": {
            "MAE": 24.618144437341265,
            "RMSE": 31.21280266029707,
            "R2": -0.02808636359827843
        },
        "MLP": {
            "MAE": 23.691230350836445,
            "RMSE": 28.911304055970074,
            "R2": 0.11793735989400556
        },
        "Linear Regression": {
            "MAE": 65.19504377843163,
            "RMSE": 338.16873212768144,
            "R2": -119.67879473192818
        },
        "Decision Tree": {
            "MAE": 29.505274261392405,
            "RMSE": 39.518049651178956,
            "R2": -0.6479918920422716
        },
        "KNN": {
            "MAE": 22.902742616,
            "RMSE": 30.498729135910185,
            "R2": 0.018415817509081944
        }
    },
    "na_pcr_drapped": {
        "Random Forest": {
            "MAE": 24.10810239976838,
            "RMSE": 29.973855057797884,
            "R2": 0.051910642909948845
        },
        "SVR": {
            "MAE": 24.76290478707507,
            "RMSE": 31.247624110758895,
            "R2": -0.030381538944436626
        },
        "MLP": {
            "MAE": 24.510066023954778,
            "RMSE": 30.073424628446926,
            "R2": 0.04560130137071072
        },
        "Linear Regression": {
            "MAE": 59.34673910213145,
            "RMSE": 296.7353487198228,
            "R2": -91.91859523111768
        },
        "Decision Tree": {
            "MAE": 30.86497890278481,
            "RMSE": 40.383921442876975,
            "R2": -0.7210006819199106
        },
        "KNN": {
            "MAE": 25.71139240501266,
            "RMSE": 32.63020062722169,
            "R2": -0.12357884524312346
        }
    },
    "gene_predicted_rest_median_imputed_no_outliers": {
        "Random Forest": {
            "MAE": 22.362226604733063,
            "RMSE": 27.64544635046287,
            "R2": 0.05046231769424425
        },
        "SVR": {
            "MAE": 22.840154341964865,
            "RMSE": 28.34238040664128,
            "R2": 0.0019836931781246347
        },
        "MLP": {
            "MAE": 21.138752535024782,
            "RMSE": 25.842843865082916,
            "R2": 0.17025317499504855
        },
        "Linear Regression": {
            "MAE": 29.16065029871021,
            "RMSE": 36.86131753939855,
            "R2": -0.6881331579416654
        },
        "Decision Tree": {
            "MAE": 30.78636363636363,
            "RMSE": 38.33949390551089,
            "R2": -0.8262395478324542
        },
        "KNN": {
            "MAE": 22.6687878788,
            "RMSE": 27.550921358063743,
            "R2": 0.056944513449916356
        }
    },
    "gene_predicted_rest_median_imputed": {
        "Random Forest": {
            "MAE": 24.2210056964766,
            "RMSE": 30.082277312180043,
            "R2": 0.04503932790084597
        },
        "SVR": {
            "MAE": 24.622397063330443,
            "RMSE": 31.213352385224628,
            "R2": -0.02812257756373282
        },
        "MLP": {
            "MAE": 23.88265442240093,
            "RMSE": 29.155981616323732,
            "R2": 0.10294431875109722
        },
        "Linear Regression": {
            "MAE": 65.56313461829919,
            "RMSE": 342.39199867686324,
            "R2": -122.71184385579078
        },
        "Decision Tree": {
            "MAE": 29.661392404936706,
            "RMSE": 38.9388777317243,
            "R2": -0.6000403189908068
        },
        "KNN": {
            "MAE": 22.852531645518983,
            "RMSE": 30.403313409013673,
            "R2": 0.024548011526419167
        }
    }
}