{
    "na_pcr_missing_median_imputed": {
        "Random Forest": {
            "MAE": 23.55470791414252,
            "RMSE": 29.5035470645837,
            "R2": 0.081429423739946
        },
        "SVR": {
            "MAE": 24.618144437341265,
            "RMSE": 31.21280266029707,
            "R2": -0.02808636359827843
        },
        "MLP": {
            "MAE": 23.691230350836445,
            "RMSE": 28.911304055970074,
            "R2": 0.11793735989400556
        },
        "Linear Regression": {
            "MAE": 65.19504377843163,
            "RMSE": 338.16873212768144,
            "R2": -119.67879473192818
        },
        "Decision Tree": {
            "MAE": 28.6919831221519,
            "RMSE": 39.15483257774307,
            "R2": -0.6178371663961439
        }
    },
    "na_pcr_drapped": {
        "Random Forest": {
            "MAE": 23.178174146983785,
            "RMSE": 29.151645576757446,
            "R2": 0.10321111681298345
        },
        "SVR": {
            "MAE": 24.76290478707507,
            "RMSE": 31.247624110758895,
            "R2": -0.030381538944436626
        },
        "MLP": {
            "MAE": 24.510066023954778,
            "RMSE": 30.073424628446926,
            "R2": 0.04560130137071072
        },
        "Linear Regression": {
            "MAE": 59.34673910213145,
            "RMSE": 296.7353487198228,
            "R2": -91.91859523111768
        },
        "Decision Tree": {
            "MAE": 29.982067510506333,
            "RMSE": 39.2360784075215,
            "R2": -0.624558119353098
        }
    },
    "gene_predicted_rest_median_imputed": {
        "Random Forest": {
            "MAE": 23.09428303743946,
            "RMSE": 29.193651595004212,
            "R2": 0.10062480169486998
        },
        "SVR": {
            "MAE": 24.622397063330443,
            "RMSE": 31.213352385224628,
            "R2": -0.02812257756373282
        },
        "MLP": {
            "MAE": 23.88265442240093,
            "RMSE": 29.155981616323732,
            "R2": 0.10294431875109722
        },
        "Linear Regression": {
            "MAE": 65.56313461829919,
            "RMSE": 342.39199867686324,
            "R2": -122.71184385579078
        },
        "Decision Tree": {
            "MAE": 30.104430379620247,
            "RMSE": 40.381806707140036,
            "R2": -0.720820443536728
        }
    }
}