{
    "all_pca_1": {
        "Random Forest": {
            "MAE": 24.554136363820007,
            "RMSE": 30.157975175862603,
            "R2": -0.12997634136904934
        },
        "SVR": {
            "MAE": 23.033221280059713,
            "RMSE": 29.05868454913553,
            "R2": -0.049100013732970904
        },
        "MLP": {
            "MAE": 23.232405693238277,
            "RMSE": 28.766717747103783,
            "R2": -0.028124281628608694
        },
        "Linear Regression": {
            "MAE": 23.017489834347096,
            "RMSE": 28.680217661265154,
            "R2": -0.021950540773726823
        },
        "Decision Tree": {
            "MAE": 27.086363636181815,
            "RMSE": 33.482139441854336,
            "R2": -0.3928084514098833
        }
    },
    "all_pca_2": {
        "Random Forest": {
            "MAE": 24.413696969847276,
            "RMSE": 30.378756055793502,
            "R2": -0.14658159137520088
        },
        "SVR": {
            "MAE": 23.275562224926645,
            "RMSE": 28.994242595522625,
            "R2": -0.04445210263656829
        },
        "MLP": {
            "MAE": 23.39840405850169,
            "RMSE": 28.550506910083033,
            "R2": -0.012727583204905857
        },
        "Linear Regression": {
            "MAE": 23.195717560097066,
            "RMSE": 28.827725597250847,
            "R2": -0.03248975454487524
        },
        "Decision Tree": {
            "MAE": 31.28636363618182,
            "RMSE": 39.66952338822766,
            "R2": -0.9551449347878977
        }
    },
    "mri_pca_1": {
        "Random Forest": {
            "MAE": 24.691136363750903,
            "RMSE": 30.197989005721677,
            "R2": -0.13297685293490313
        },
        "SVR": {
            "MAE": 22.771986930369774,
            "RMSE": 28.020412362413165,
            "R2": 0.02452973278352133
        },
        "MLP": {
            "MAE": 23.060020637944284,
            "RMSE": 27.884699872047506,
            "R2": 0.033955925955389765
        },
        "Linear Regression": {
            "MAE": 22.662694739871,
            "RMSE": 27.73957619576206,
            "R2": 0.04398515697212557
        },
        "Decision Tree": {
            "MAE": 33.94242424254545,
            "RMSE": 41.07895514202466,
            "R2": -1.0965429754826235
        }
    },
    "mri_pca_2": {
        "Random Forest": {
            "MAE": 24.532696969792724,
            "RMSE": 29.747813669807442,
            "R2": -0.0994490211465584
        },
        "SVR": {
            "MAE": 23.007959356479134,
            "RMSE": 28.11826022195616,
            "R2": 0.01770511299629829
        },
        "MLP": {
            "MAE": 22.41421782941786,
            "RMSE": 26.230612242820186,
            "R2": 0.1451658830213255
        },
        "Linear Regression": {
            "MAE": 22.86994896481209,
            "RMSE": 27.95960954601017,
            "R2": 0.028758577638416716
        },
        "Decision Tree": {
            "MAE": 32.18787878781818,
            "RMSE": 40.25370301050462,
            "R2": -1.0131524687412794
        }
    }
}