{
    "all_pca_1": {
        "Random Forest": {
            "MAE": 27.00340717301899,
            "RMSE": 35.894743793343025,
            "R2": -0.3596457866117926
        },
        "SVR": {
            "MAE": 24.918125551505838,
            "RMSE": 30.818686246264644,
            "R2": -0.002287487095237184
        },
        "MLP": {
            "MAE": 24.15681851784358,
            "RMSE": 30.661567090730014,
            "R2": 0.007906142537596916
        },
        "Linear Regression": {
            "MAE": 24.406434265139612,
            "RMSE": 30.811634298386284,
            "R2": -0.0018288516815871958
        },
        "Decision Tree": {
            "MAE": 32.46624472582278,
            "RMSE": 41.41007702970995,
            "R2": -0.8095731443106804
        }
    },
    "all_pca_2": {
        "Random Forest": {
            "MAE": 23.94740506325823,
            "RMSE": 32.5748463644109,
            "R2": -0.1197699734969806
        },
        "SVR": {
            "MAE": 24.749794088777275,
            "RMSE": 30.382322247625897,
            "R2": 0.025894496452583682
        },
        "MLP": {
            "MAE": 24.104075140117153,
            "RMSE": 30.383431094189252,
            "R2": 0.025823392391369104
        },
        "Linear Regression": {
            "MAE": 24.004160269516216,
            "RMSE": 30.19230074735748,
            "R2": 0.03804117471192059
        },
        "Decision Tree": {
            "MAE": 28.58860759506329,
            "RMSE": 37.40667947693346,
            "R2": -0.47659836204233086
        }
    },
    "mri_pca_1": {
        "Random Forest": {
            "MAE": 21.84592826994936,
            "RMSE": 29.040262299483626,
            "R2": 0.11005096801472991
        },
        "SVR": {
            "MAE": 24.024638641677978,
            "RMSE": 30.514647071311824,
            "R2": 0.017390930800224913
        },
        "MLP": {
            "MAE": 23.595180357054016,
            "RMSE": 32.01800218054932,
            "R2": -0.08181382030171025
        },
        "Linear Regression": {
            "MAE": 23.49462072561973,
            "RMSE": 29.854142825558174,
            "R2": 0.05946864598438728
        },
        "Decision Tree": {
            "MAE": 28.467299578101265,
            "RMSE": 39.31964357177894,
            "R2": -0.6314854698402312
        }
    },
    "mri_pca_2": {
        "Random Forest": {
            "MAE": 23.399873417662025,
            "RMSE": 30.555645265550716,
            "R2": 0.014748772748531924
        },
        "SVR": {
            "MAE": 23.90708033227579,
            "RMSE": 30.25863145078925,
            "R2": 0.03380979820033969
        },
        "MLP": {
            "MAE": 23.855991724884852,
            "RMSE": 32.5745374537792,
            "R2": -0.1197487358091116
        },
        "Linear Regression": {
            "MAE": 23.27031970895098,
            "RMSE": 29.614233676956562,
            "R2": 0.07452420749057709
        },
        "Decision Tree": {
            "MAE": 27.789029536075944,
            "RMSE": 35.865911008195795,
            "R2": -0.3574623677673998
        }
    }
}