{
    "src": "altered_csv/gene_predicted.csv",
    "Random Forest": {
        "MAE": 22.247091666726256,
        "RMSE": 30.203074043029616,
        "R2": -0.14305739139108486
    },
    "SVR": {
        "MAE": 21.882413711704373,
        "RMSE": 29.03397818066075,
        "R2": -0.05627945785215949
    },
    "MLP": {
        "MAE": 490.84950030224616,
        "RMSE": 2587.990823245455,
        "R2": -8391.497213142458
    },
    "Linear Regression": {
        "MAE": 135.32633562413946,
        "RMSE": 863.5894006509668,
        "R2": -933.5022434322456
    },
    "Decision Tree": {
        "MAE": 29.545833333375004,
        "RMSE": 37.78134046717429,
        "R2": -0.7886298180457076
    }
}