{
    "src": "altered_csv/original.csv",
    "Random Forest": {
        "MAE": 22.16087379966124,
        "RMSE": 29.149925891355842,
        "R2": -0.06473284537315527
    },
    "SVR": {
        "MAE": 21.882413711704373,
        "RMSE": 29.03397818066075,
        "R2": -0.05627945785215949
    },
    "MLP": {
        "MAE": 490.84950030224616,
        "RMSE": 2587.990823245455,
        "R2": -8391.497213142458
    },
    "Linear Regression": {
        "MAE": 135.32633562413946,
        "RMSE": 863.5894006509668,
        "R2": -933.5022434322456
    },
    "Decision Tree": {
        "MAE": 30.05,
        "RMSE": 38.532118186511696,
        "R2": -0.8604221820663969
    }
}