{
    "src": "altered_csv/TrainDataset2024.csv",
    "Random Forest": {
        "MAE": 21.57899791664375,
        "RMSE": 29.189403888295598,
        "R2": -0.06761875207137802
    },
    "SVR": {
        "MAE": 20.461231808593187,
        "RMSE": 28.27714282230494,
        "R2": -0.0019286431398648496
    },
    "MLP": {
        "MAE": 594.1052233167617,
        "RMSE": 3259.6198173511175,
        "R2": -13312.726791583937
    },
    "Linear Regression": {
        "MAE": 175.686772657747,
        "RMSE": 1307.5868032077256,
        "R2": -2141.4307805966955
    },
    "Decision Tree": {
        "MAE": 28.066666666875,
        "RMSE": 35.64963086152136,
        "R2": -0.5924867081765937
    }
}