{
    "tsne_mri": {
        "Random Forest": {
            "MAE": 22.355616538097046,
            "RMSE": 27.140607057029957,
            "R2": 0.08482508716812653
        },
        "SVR": {
            "MAE": 22.95299831426126,
            "RMSE": 27.76726741531303,
            "R2": 0.0420755077215913
        },
        "MLP": {
            "MAE": 23.802825995997996,
            "RMSE": 28.706243206746585,
            "R2": -0.023806097665781456
        },
        "Linear Regression": {
            "MAE": 22.703796665493712,
            "RMSE": 27.726313578762326,
            "R2": 0.04489910227312566
        },
        "Decision Tree": {
            "MAE": 30.596969696909095,
            "RMSE": 38.105296696944265,
            "R2": -0.8039964843381291
        }
    },
    "isomap_mri": {
        "Random Forest": {
            "MAE": 24.23032412728064,
            "RMSE": 29.20383247257025,
            "R2": -0.05960668300119276
        },
        "SVR": {
            "MAE": 23.053019840285238,
            "RMSE": 27.945204654441742,
            "R2": 0.029759093996991504
        },
        "MLP": {
            "MAE": 24.220757211876215,
            "RMSE": 28.557643668587723,
            "R2": -0.013233948682356944
        },
        "Linear Regression": {
            "MAE": 23.203921122018077,
            "RMSE": 28.261148097433274,
            "R2": 0.007696338956325599
        },
        "Decision Tree": {
            "MAE": 35.70757575763636,
            "RMSE": 44.071855067504146,
            "R2": -1.413168536219219
        }
    }
}