{
    "normal_mri_cols_only": {
        "Random Forest": {
            "MAE": 24.11826682506582,
            "RMSE": 30.68095197891302,
            "R2": 0.006651300750990297
        },
        "SVR": {
            "MAE": 24.046237926730928,
            "RMSE": 30.174901997379305,
            "R2": 0.03914954063577636
        },
        "MLP": {
            "MAE": 24.734307588928022,
            "RMSE": 31.48757507559053,
            "R2": -0.04626692769218499
        },
        "Linear Regression": {
            "MAE": 24.38976214355586,
            "RMSE": 30.807869988844985,
            "R2": -0.0015840763800214486
        },
        "Decision Tree": {
            "MAE": 34.40822784772152,
            "RMSE": 44.9847792275679,
            "R2": -1.1354787415714651
        }
    },
    "normal_mri_pca": {
        "Random Forest": {
            "MAE": 24.082548110841667,
            "RMSE": 30.92898209654411,
            "R2": -0.009474423492302098
        },
        "SVR": {
            "MAE": 23.831504035463567,
            "RMSE": 29.709098450063824,
            "R2": 0.06858546389879583
        },
        "MLP": {
            "MAE": 24.35644152753869,
            "RMSE": 31.284219350748607,
            "R2": -0.032796387486265566
        },
        "Linear Regression": {
            "MAE": 24.334516790421134,
            "RMSE": 30.802704612000188,
            "R2": -0.001248244952026134
        },
        "Decision Tree": {
            "MAE": 30.559071729873416,
            "RMSE": 40.502851907695714,
            "R2": -0.7311522865039759
        }
    }
}