{
    "normal_mri_cols_only": {
        "Random Forest": {
            "MAE": 23.990129696195478,
            "RMSE": 30.36395745052067,
            "R2": 0.027071749668965306
        },
        "SVR": {
            "MAE": 24.198848070996732,
            "RMSE": 30.25811889209015,
            "R2": 0.033842531009113164
        },
        "MLP": {
            "MAE": 25.046840500723302,
            "RMSE": 31.574686679667657,
            "R2": -0.05206401203925792
        },
        "Linear Regression": {
            "MAE": 24.470139828314174,
            "RMSE": 30.76295248053479,
            "R2": 0.0013343898835564971
        },
        "Decision Tree": {
            "MAE": 31.31645569594937,
            "RMSE": 40.360765420948056,
            "R2": -0.7190276142864669
        }
    },
    "mandatory_normal_mri_pca_1": {
        "Random Forest": {
            "MAE": 24.412771864534864,
            "RMSE": 30.91523426971767,
            "R2": -0.008577207079740079
        },
        "SVR": {
            "MAE": 24.562988112470684,
            "RMSE": 30.755696866610933,
            "R2": 0.0018054160384011197
        },
        "MLP": {
            "MAE": 24.34171009492615,
            "RMSE": 30.501961229890973,
            "R2": 0.01820776028676674
        },
        "Linear Regression": {
            "MAE": 24.333696072702374,
            "RMSE": 30.703209872016465,
            "R2": 0.0052095026532366084
        },
        "Decision Tree": {
            "MAE": 30.85654008443038,
            "RMSE": 39.62534634724258,
            "R2": -0.6569530698852317
        }
    },
    "normal_mri_pca": {
        "Random Forest": {
            "MAE": 23.859013835456327,
            "RMSE": 30.161031884920636,
            "R2": 0.04003266138152295
        },
        "SVR": {
            "MAE": 23.864423493448562,
            "RMSE": 29.711046972493758,
            "R2": 0.06846328303664029
        },
        "MLP": {
            "MAE": 24.463261177833154,
            "RMSE": 31.390176722181025,
            "R2": -0.03980424719855624
        },
        "Linear Regression": {
            "MAE": 24.32208247879648,
            "RMSE": 30.733552768195164,
            "R2": 0.003242298559351986
        },
        "Decision Tree": {
            "MAE": 29.340717299620255,
            "RMSE": 39.73931071938643,
            "R2": -0.6664977265721148
        }
    },
    "mandatory_normal_mri_pca_2": {
        "Random Forest": {
            "MAE": 23.848411642199608,
            "RMSE": 30.807845861483862,
            "R2": -0.0015825075879398742
        },
        "SVR": {
            "MAE": 24.375814268440507,
            "RMSE": 30.495777626115043,
            "R2": 0.018605793631076173
        },
        "MLP": {
            "MAE": 23.855197729052477,
            "RMSE": 31.116553625934824,
            "R2": -0.02175564385057105
        },
        "Linear Regression": {
            "MAE": 24.285647246123723,
            "RMSE": 30.791946956781004,
            "R2": -0.0005490074872434025
        },
        "Decision Tree": {
            "MAE": 30.6097046413924,
            "RMSE": 38.72458787448458,
            "R2": -0.5824779762911871
        }
    },
    "norm_pca2_only": {
        "Random Forest": {
            "MAE": 23.991565050454263,
            "RMSE": 31.334907538594432,
            "R2": -0.03614587095344435
        },
        "SVR": {
            "MAE": 24.360121443096173,
            "RMSE": 30.832554589238164,
            "R2": -0.0031897445125812496
        },
        "MLP": {
            "MAE": 24.1385941132999,
            "RMSE": 31.00323784772385,
            "R2": -0.014327429275603487
        },
        "Linear Regression": {
            "MAE": 24.246383501889664,
            "RMSE": 31.032154464947514,
            "R2": -0.01622043132790396
        },
        "Decision Tree": {
            "MAE": 29.567510548607597,
            "RMSE": 38.960948658834205,
            "R2": -0.6018546692532074
        }
    },
    "normal_mri_pca_1": {
        "Random Forest": {
            "MAE": 24.272868974126474,
            "RMSE": 30.2605596786217,
            "R2": 0.03368665355631162
        },
        "SVR": {
            "MAE": 24.201987991021568,
            "RMSE": 30.250187274784565,
            "R2": 0.034348985950674815
        },
        "MLP": {
            "MAE": 25.236059262085025,
            "RMSE": 31.952712946367335,
            "R2": -0.07740637586675181
        },
        "Linear Regression": {
            "MAE": 24.137762225387274,
            "RMSE": 30.465706548977803,
            "R2": 0.020540292954227324
        },
        "Decision Tree": {
            "MAE": 31.95780590734178,
            "RMSE": 40.13338125732626,
            "R2": -0.6997128869823004
        }
    },
    "normal_mri_pca_2": {
        "Random Forest": {
            "MAE": 24.265461189650328,
            "RMSE": 30.64408382540402,
            "R2": 0.009037206387321417
        },
        "SVR": {
            "MAE": 23.864423493448562,
            "RMSE": 29.711046972493758,
            "R2": 0.06846328303664029
        },
        "MLP": {
            "MAE": 24.463261177833154,
            "RMSE": 31.390176722181025,
            "R2": -0.03980424719855624
        },
        "Linear Regression": {
            "MAE": 24.32208247879648,
            "RMSE": 30.733552768195164,
            "R2": 0.003242298559351986
        },
        "Decision Tree": {
            "MAE": 29.028481012531646,
            "RMSE": 38.71401168975118,
            "R2": -0.5816137040112548
        }
    }
}